{
  "preset": "DragPoint",
  "remembered": {
    "DragPoint": {
      "0": {
        "brushStyle": "Drag",
        "brushStrength": 5,
        "brushRadius": 300,
        "lightRatio": 1,
        "brushInverse": false,
        "brushOpposite": false,
        "noiseScale": 8,
        "showCursor": true,
        "dragStyle": "Relative",
        "dragAnchor": "Origin",
        "brushSoftness": true,
        "filterMode": "Nearest"
      }
    },
    "DragMouse": {
      "0": {
        "brushStyle": "Drag",
        "brushStrength": 2,
        "brushRadius": 200,
        "lightRatio": 1,
        "brushInverse": false,
        "brushOpposite": false,
        "noiseScale": 8,
        "showCursor": true,
        "dragStyle": "Relative",
        "dragAnchor": "Follow",
        "brushSoftness": true,
        "filterMode": "Nearest"
      }
    },
    "SplashGrow": {
      "0": {
        "brushStyle": "Splash",
        "brushStrength": 5,
        "brushRadius": 300,
        "lightRatio": 1,
        "brushInverse": false,
        "brushOpposite": false,
        "noiseScale": 4,
        "showCursor": true,
        "dragStyle": "Relative",
        "dragAnchor": "Follow",
        "brushSoftness": true,
        "filterMode": "Nearest"
      }
    },
    "SplashZoom": {
      "0": {
        "brushStyle": "Splash",
        "brushStrength": 10,
        "brushRadius": 300,
        "lightRatio": 1,
        "brushInverse": true,
        "brushOpposite": false,
        "noiseScale": 4,
        "showCursor": true,
        "dragStyle": "Relative",
        "dragAnchor": "Follow",
        "brushSoftness": true,
        "filterMode": "Nearest"
      }
    },
    "RayMouse": {
      "0": {
        "brushStyle": "Ray",
        "brushStrength": 4,
        "brushRadius": 210,
        "lightRatio": 1,
        "brushInverse": true,
        "brushOpposite": false,
        "noiseScale": 32,
        "showCursor": true,
        "dragStyle": "Relative",
        "dragAnchor": "Follow",
        "brushSoftness": true,
        "filterMode": "Nearest"
      }
    },
    "LightShiftPoint": {
      "0": {
        "brushStyle": "LightShift",
        "brushStrength": 1,
        "brushRadius": 330,
        "lightRatio": 1,
        "brushInverse": false,
        "brushOpposite": false,
        "noiseScale": 32,
        "showCursor": true,
        "dragStyle": "Absolute",
        "dragAnchor": "Origin",
        "brushSoftness": false,
        "filterMode": "Nearest"
      }
    },
    "ColorShiftMouse": {
      "0": {
        "brushStyle": "ColorShift",
        "brushStrength": 1,
        "brushRadius": 370,
        "lightRatio": 1,
        "brushInverse": false,
        "brushOpposite": false,
        "noiseScale": 32,
        "showCursor": true,
        "dragStyle": "Relative",
        "dragAnchor": "Follow",
        "brushSoftness": true,
        "filterMode": "Nearest"
      }
    }
  },
  "closed": false,
  "folders": {
    "Brush": {
      "preset": "Default",
      "closed": false,
      "folders": {}
    },
    "Noise": {
      "preset": "Default",
      "closed": false,
      "folders": {}
    },
    "Cursor": {
      "preset": "Default",
      "closed": false,
      "folders": {}
    },
    "Background": {
      "preset": "Default",
      "closed": false,
      "folders": {}
    },
    "Advanced": {
      "preset": "Default",
      "closed": true,
      "folders": {}
    }
  }
}